batch_id,product_id,supplier_id,date,status
BATCH-0001,PRD-006,SUP-001,2026-06-12,Active
BATCH-0002,PRD-007,SUP-002,2026-06-15,Active
BATCH-0003,PRD-002,SUP-005,2026-07-08,Active
BATCH-0004,PRD-008,SUP-005,2026-06-17,Active
BATCH-0005,PRD-014,SUP-001,2026-06-25,Active
BATCH-0006,PRD-010,SUP-003,2026-06-21,Active
BATCH-0007,PRD-002,SUP-005,2026-07-08,Active
BATCH-0008,PRD-005,SUP-003,2026-06-12,Active
BATCH-0009,PRD-008,SUP-003,2026-07-10,Active
BATCH-0010,PRD-006,SUP-002,2026-06-17,Active
BATCH-0011,PRD-017,SUP-001,2026-06-17,Active
BATCH-0012,PRD-016,SUP-004,2026-06-20,Active
BATCH-0013,PRD-011,SUP-002,2026-06-22,Active
BATCH-0014,PRD-011,SUP-003,2026-07-02,Active
BATCH-0015,PRD-011,SUP-004,2026-06-14,Active
BATCH-0016,PRD-004,SUP-004,2026-06-28,Active
BATCH-0017,PRD-001,SUP-003,2026-06-21,Active
BATCH-0018,PRD-019,SUP-003,2026-06-23,Active
BATCH-0019,PRD-012,SUP-004,2026-07-08,Active
BATCH-0020,PRD-010,SUP-004,2026-06-17,Active
BATCH-0021,PRD-005,SUP-005,2026-06-15,Active
BATCH-0022,PRD-012,SUP-005,2026-06-20,Active
BATCH-0023,PRD-013,SUP-004,2026-07-03,Active
BATCH-0024,PRD-003,SUP-001,2026-06-22,Active
BATCH-0025,PRD-004,SUP-005,2026-07-07,Active
BATCH-0026,PRD-019,SUP-004,2026-06-15,Active
BATCH-0027,PRD-010,SUP-005,2026-07-04,Active
BATCH-0028,PRD-010,SUP-001,2026-07-10,Active
BATCH-0029,PRD-015,SUP-002,2026-06-19,Active
BATCH-0030,PRD-003,SUP-001,2026-07-10,Active
BATCH-0031,PRD-004,SUP-004,2026-07-01,Active
BATCH-0032,PRD-004,SUP-002,2026-06-19,Active
BATCH-0033,PRD-020,SUP-004,2026-06-28,Active
BATCH-0034,PRD-010,SUP-001,2026-06-17,Active
BATCH-0035,PRD-004,SUP-001,2026-06-12,Active
BATCH-0036,PRD-014,SUP-001,2026-07-05,Active
BATCH-0037,PRD-012,SUP-003,2026-07-01,Active
BATCH-0038,PRD-014,SUP-005,2026-07-01,Active
BATCH-0039,PRD-019,SUP-005,2026-06-29,Active
BATCH-0040,PRD-010,SUP-002,2026-06-27,Active
BATCH-0041,PRD-017,SUP-003,2026-07-10,Active
BATCH-0042,PRD-003,SUP-005,2026-07-08,Active
BATCH-0043,PRD-015,SUP-005,2026-06-13,Active
BATCH-0044,PRD-013,SUP-003,2026-06-12,Active
BATCH-0045,PRD-002,SUP-003,2026-06-26,Active
BATCH-0046,PRD-006,SUP-002,2026-07-05,Active
BATCH-0047,PRD-002,SUP-005,2026-06-15,Active
BATCH-0048,PRD-002,SUP-001,2026-06-24,Active
BATCH-0049,PRD-002,SUP-005,2026-07-07,Active
BATCH-0050,PRD-003,SUP-003,2026-06-26,Active
BATCH-0051,PRD-017,SUP-004,2026-07-08,Active
BATCH-0052,PRD-002,SUP-001,2026-06-13,Active
BATCH-0053,PRD-012,SUP-003,2026-06-21,Active
BATCH-0054,PRD-009,SUP-003,2026-07-01,Active
BATCH-0055,PRD-010,SUP-001,2026-06-27,Active
BATCH-0056,PRD-013,SUP-003,2026-07-07,Active
BATCH-0057,PRD-014,SUP-001,2026-06-20,Active
BATCH-0058,PRD-015,SUP-002,2026-07-06,Active
BATCH-0059,PRD-004,SUP-002,2026-06-24,Active
BATCH-0060,PRD-020,SUP-003,2026-07-03,Active
BATCH-0061,PRD-018,SUP-001,2026-07-01,Active
BATCH-0062,PRD-007,SUP-004,2026-07-03,Active
BATCH-0063,PRD-018,SUP-001,2026-06-13,Active
BATCH-0064,PRD-008,SUP-002,2026-06-24,Active
BATCH-0065,PRD-005,SUP-003,2026-07-07,Active
BATCH-0066,PRD-003,SUP-005,2026-07-02,Active
BATCH-0067,PRD-012,SUP-004,2026-06-15,Active
BATCH-0068,PRD-011,SUP-004,2026-07-03,Active
BATCH-0069,PRD-019,SUP-002,2026-07-05,Active
BATCH-0070,PRD-007,SUP-002,2026-06-18,Active
BATCH-0071,PRD-010,SUP-005,2026-07-08,Active
BATCH-0072,PRD-013,SUP-004,2026-06-18,Active
BATCH-0073,PRD-018,SUP-003,2026-06-22,Active
BATCH-0074,PRD-018,SUP-001,2026-06-24,Active
BATCH-0075,PRD-002,SUP-005,2026-06-15,Active
BATCH-0076,PRD-005,SUP-003,2026-07-05,Active
BATCH-0077,PRD-016,SUP-005,2026-06-30,Active
BATCH-0078,PRD-011,SUP-004,2026-06-15,Active
BATCH-0079,PRD-011,SUP-005,2026-07-01,Active
BATCH-0080,PRD-014,SUP-005,2026-06-28,Active
BATCH-0081,PRD-012,SUP-003,2026-06-24,Active
BATCH-0082,PRD-011,SUP-002,2026-07-02,Active
BATCH-0083,PRD-014,SUP-005,2026-07-10,Active
BATCH-0084,PRD-003,SUP-003,2026-06-23,Active
BATCH-0085,PRD-014,SUP-005,2026-07-10,Active
BATCH-0086,PRD-014,SUP-005,2026-07-09,Active
BATCH-0087,PRD-017,SUP-005,2026-06-17,Active
BATCH-0088,PRD-019,SUP-004,2026-06-14,Active
BATCH-0089,PRD-002,SUP-002,2026-06-26,Active
BATCH-0090,PRD-012,SUP-001,2026-06-30,Active
BATCH-0091,PRD-020,SUP-004,2026-06-14,Active
BATCH-0092,PRD-015,SUP-001,2026-07-08,Active
BATCH-0093,PRD-010,SUP-002,2026-06-13,Active
BATCH-0094,PRD-014,SUP-005,2026-06-12,Active
BATCH-0095,PRD-017,SUP-005,2026-07-01,Active
BATCH-0096,PRD-014,SUP-001,2026-06-24,Active
BATCH-0097,PRD-019,SUP-002,2026-06-19,Active
BATCH-0098,PRD-008,SUP-005,2026-06-17,Active
BATCH-0099,PRD-001,SUP-003,2026-06-14,Active
BATCH-0100,PRD-005,SUP-005,2026-07-07,Active
