batch_id,test_date,test_type,result
BATCH-0001,2026-06-13,Pathogen Screen,Pass
BATCH-0002,2026-06-16,Pathogen Screen,Pass
BATCH-0003,2026-07-09,Pathogen Screen,Pass
BATCH-0004,2026-06-18,Pathogen Screen,Pass
BATCH-0005,2026-06-26,Pathogen Screen,Pass
BATCH-0006,2026-06-22,Pathogen Screen,Pass
BATCH-0007,2026-07-09,Pathogen Screen,Pass
BATCH-0008,2026-06-13,Pathogen Screen,Pass
BATCH-0009,2026-07-11,Pathogen Screen,Pass
BATCH-0010,2026-06-18,Pathogen Screen,Pass
BATCH-0011,2026-06-18,Pathogen Screen,Pass
BATCH-0012,2026-06-21,Pathogen Screen,Pass
BATCH-0013,2026-06-23,Pathogen Screen,Pass
BATCH-0014,2026-07-03,Pathogen Screen,Pass
BATCH-0015,2026-06-15,Pathogen Screen,Pass
BATCH-0016,2026-06-29,Pathogen Screen,Fail
BATCH-0017,2026-06-22,Pathogen Screen,Pass
BATCH-0018,2026-06-24,Pathogen Screen,Pass
BATCH-0019,2026-07-09,Pathogen Screen,Pass
BATCH-0020,2026-06-18,Pathogen Screen,Pass
BATCH-0021,2026-06-16,Pathogen Screen,Pass
BATCH-0022,2026-06-21,Pathogen Screen,Pass
BATCH-0023,2026-07-04,Pathogen Screen,Pass
BATCH-0024,2026-06-23,Pathogen Screen,Pass
BATCH-0025,2026-07-08,Pathogen Screen,Pass
BATCH-0026,2026-06-16,Pathogen Screen,Pass
BATCH-0027,2026-07-05,Pathogen Screen,Pass
BATCH-0028,2026-07-11,Pathogen Screen,Pass
BATCH-0029,2026-06-20,Pathogen Screen,Pass
BATCH-0030,2026-07-11,Pathogen Screen,Pass
BATCH-0031,2026-07-02,Pathogen Screen,Pass
BATCH-0032,2026-06-20,Pathogen Screen,Pass
BATCH-0033,2026-06-29,Pathogen Screen,Pass
BATCH-0034,2026-06-18,Pathogen Screen,Pass
BATCH-0035,2026-06-13,Pathogen Screen,Pass
BATCH-0036,2026-07-06,Pathogen Screen,Pass
BATCH-0037,2026-07-02,Pathogen Screen,Pass
BATCH-0038,2026-07-02,Pathogen Screen,Pass
BATCH-0039,2026-06-30,Pathogen Screen,Pass
BATCH-0040,2026-06-28,Pathogen Screen,Pass
BATCH-0041,2026-07-11,Pathogen Screen,Pass
BATCH-0042,2026-07-09,Pathogen Screen,Pass
BATCH-0043,2026-06-14,Pathogen Screen,Pass
BATCH-0044,2026-06-13,Pathogen Screen,Pass
BATCH-0045,2026-06-27,Pathogen Screen,Pass
BATCH-0046,2026-07-06,Pathogen Screen,Fail
BATCH-0047,2026-06-16,Pathogen Screen,Pass
BATCH-0048,2026-06-25,Pathogen Screen,Pass
BATCH-0049,2026-07-08,Pathogen Screen,Pass
BATCH-0050,2026-06-27,Pathogen Screen,Pass
BATCH-0051,2026-07-09,Pathogen Screen,Pass
BATCH-0052,2026-06-14,Pathogen Screen,Pass
BATCH-0053,2026-06-22,Pathogen Screen,Pass
BATCH-0054,2026-07-02,Pathogen Screen,Pass
BATCH-0055,2026-06-28,Pathogen Screen,Pass
BATCH-0056,2026-07-08,Pathogen Screen,Pass
BATCH-0057,2026-06-21,Pathogen Screen,Pass
BATCH-0058,2026-07-07,Pathogen Screen,Pass
BATCH-0059,2026-06-25,Pathogen Screen,Pass
BATCH-0060,2026-07-04,Pathogen Screen,Pass
BATCH-0061,2026-07-02,Pathogen Screen,Pass
BATCH-0062,2026-07-04,Pathogen Screen,Pass
BATCH-0063,2026-06-14,Pathogen Screen,Pass
BATCH-0064,2026-06-25,Pathogen Screen,Pass
BATCH-0065,2026-07-08,Pathogen Screen,Pass
BATCH-0066,2026-07-03,Pathogen Screen,Pass
BATCH-0067,2026-06-16,Pathogen Screen,Pass
BATCH-0068,2026-07-04,Pathogen Screen,Pass
BATCH-0069,2026-07-06,Pathogen Screen,Pass
BATCH-0070,2026-06-19,Pathogen Screen,Pass
BATCH-0071,2026-07-09,Pathogen Screen,Pass
BATCH-0072,2026-06-19,Pathogen Screen,Pass
BATCH-0073,2026-06-23,Pathogen Screen,Pass
BATCH-0074,2026-06-25,Pathogen Screen,Pass
BATCH-0075,2026-06-16,Pathogen Screen,Pass
BATCH-0076,2026-07-06,Pathogen Screen,Pass
BATCH-0077,2026-07-01,Pathogen Screen,Pass
BATCH-0078,2026-06-16,Pathogen Screen,Pass
BATCH-0079,2026-07-02,Pathogen Screen,Pass
BATCH-0080,2026-06-29,Pathogen Screen,Pass
BATCH-0081,2026-06-25,Pathogen Screen,Pass
BATCH-0082,2026-07-03,Pathogen Screen,Pass
BATCH-0083,2026-07-11,Pathogen Screen,Pass
BATCH-0084,2026-06-24,Pathogen Screen,Pass
BATCH-0085,2026-07-11,Pathogen Screen,Pass
BATCH-0086,2026-07-10,Pathogen Screen,Pass
BATCH-0087,2026-06-18,Pathogen Screen,Pass
BATCH-0088,2026-06-15,Pathogen Screen,Pass
BATCH-0089,2026-06-27,Pathogen Screen,Pass
BATCH-0090,2026-07-01,Pathogen Screen,Pass
BATCH-0091,2026-06-15,Pathogen Screen,Pass
BATCH-0092,2026-07-09,Pathogen Screen,Pass
BATCH-0093,2026-06-14,Pathogen Screen,Pass
BATCH-0094,2026-06-13,Pathogen Screen,Pass
BATCH-0095,2026-07-02,Pathogen Screen,Pass
BATCH-0096,2026-06-25,Pathogen Screen,Pass
BATCH-0097,2026-06-20,Pathogen Screen,Pass
BATCH-0098,2026-06-18,Pathogen Screen,Pass
BATCH-0099,2026-06-15,Pathogen Screen,Pass
BATCH-0100,2026-07-08,Pathogen Screen,Pass
