id,name,category
PRD-001,Product 1,Bakery
PRD-002,Product 2,Bakery
PRD-003,Product 3,Dairy
PRD-004,Product 4,Bakery
PRD-005,Product 5,Bakery
PRD-006,Product 6,Produce
PRD-007,Product 7,Dairy
PRD-008,Product 8,Packaged
PRD-009,Product 9,Dairy
PRD-010,Product 10,Packaged
PRD-011,Product 11,Produce
PRD-012,Product 12,Meat
PRD-013,Product 13,Bakery
PRD-014,Product 14,Produce
PRD-015,Product 15,Bakery
PRD-016,Product 16,Meat
PRD-017,Product 17,Meat
PRD-018,Product 18,Produce
PRD-019,Product 19,Meat
PRD-020,Product 20,Packaged
