source,target,relationship_type,batch_id
SUP-001,DC-004,SUPPLIES,BATCH-0001
DC-004,KIT-005,DISTRIBUTES,BATCH-0001
KIT-005,ST-001,DELIVERS,BATCH-0001
ST-001,PRD-006,STOCKS,BATCH-0001
SUP-002,DC-003,SUPPLIES,BATCH-0002
DC-003,KIT-002,DISTRIBUTES,BATCH-0002
KIT-002,ST-003,DELIVERS,BATCH-0002
ST-003,PRD-007,STOCKS,BATCH-0002
SUP-005,DC-002,SUPPLIES,BATCH-0003
DC-002,KIT-002,DISTRIBUTES,BATCH-0003
KIT-002,ST-008,DELIVERS,BATCH-0003
ST-008,PRD-002,STOCKS,BATCH-0003
SUP-005,DC-004,SUPPLIES,BATCH-0004
DC-004,KIT-006,DISTRIBUTES,BATCH-0004
KIT-006,ST-013,DELIVERS,BATCH-0004
ST-013,PRD-008,STOCKS,BATCH-0004
SUP-001,DC-004,SUPPLIES,BATCH-0005
DC-004,KIT-006,DISTRIBUTES,BATCH-0005
KIT-006,ST-001,DELIVERS,BATCH-0005
ST-001,PRD-014,STOCKS,BATCH-0005
SUP-003,DC-003,SUPPLIES,BATCH-0006
DC-003,KIT-002,DISTRIBUTES,BATCH-0006
KIT-002,ST-014,DELIVERS,BATCH-0006
ST-014,PRD-010,STOCKS,BATCH-0006
SUP-005,DC-002,SUPPLIES,BATCH-0007
DC-002,KIT-001,DISTRIBUTES,BATCH-0007
KIT-001,ST-007,DELIVERS,BATCH-0007
ST-007,PRD-002,STOCKS,BATCH-0007
SUP-003,DC-003,SUPPLIES,BATCH-0008
DC-003,KIT-001,DISTRIBUTES,BATCH-0008
KIT-001,ST-004,DELIVERS,BATCH-0008
ST-004,PRD-005,STOCKS,BATCH-0008
SUP-003,DC-001,SUPPLIES,BATCH-0009
DC-001,KIT-008,DISTRIBUTES,BATCH-0009
KIT-008,ST-008,DELIVERS,BATCH-0009
ST-008,PRD-008,STOCKS,BATCH-0009
SUP-002,DC-004,SUPPLIES,BATCH-0010
DC-004,KIT-005,DISTRIBUTES,BATCH-0010
KIT-005,ST-008,DELIVERS,BATCH-0010
ST-008,PRD-006,STOCKS,BATCH-0010
SUP-001,DC-002,SUPPLIES,BATCH-0011
DC-002,KIT-002,DISTRIBUTES,BATCH-0011
KIT-002,ST-015,DELIVERS,BATCH-0011
ST-015,PRD-017,STOCKS,BATCH-0011
SUP-004,DC-003,SUPPLIES,BATCH-0012
DC-003,KIT-002,DISTRIBUTES,BATCH-0012
KIT-002,ST-002,DELIVERS,BATCH-0012
ST-002,PRD-016,STOCKS,BATCH-0012
SUP-002,DC-003,SUPPLIES,BATCH-0013
DC-003,KIT-008,DISTRIBUTES,BATCH-0013
KIT-008,ST-003,DELIVERS,BATCH-0013
ST-003,PRD-011,STOCKS,BATCH-0013
SUP-003,DC-001,SUPPLIES,BATCH-0014
DC-001,KIT-005,DISTRIBUTES,BATCH-0014
KIT-005,ST-006,DELIVERS,BATCH-0014
ST-006,PRD-011,STOCKS,BATCH-0014
SUP-004,DC-003,SUPPLIES,BATCH-0015
DC-003,KIT-008,DISTRIBUTES,BATCH-0015
KIT-008,ST-011,DELIVERS,BATCH-0015
ST-011,PRD-011,STOCKS,BATCH-0015
SUP-004,DC-003,SUPPLIES,BATCH-0016
DC-003,KIT-005,DISTRIBUTES,BATCH-0016
KIT-005,ST-014,DELIVERS,BATCH-0016
ST-014,PRD-004,STOCKS,BATCH-0016
SUP-003,DC-004,SUPPLIES,BATCH-0017
DC-004,KIT-001,DISTRIBUTES,BATCH-0017
KIT-001,ST-013,DELIVERS,BATCH-0017
ST-013,PRD-001,STOCKS,BATCH-0017
SUP-003,DC-004,SUPPLIES,BATCH-0018
DC-004,KIT-004,DISTRIBUTES,BATCH-0018
KIT-004,ST-003,DELIVERS,BATCH-0018
ST-003,PRD-019,STOCKS,BATCH-0018
SUP-004,DC-003,SUPPLIES,BATCH-0019
DC-003,KIT-008,DISTRIBUTES,BATCH-0019
KIT-008,ST-008,DELIVERS,BATCH-0019
ST-008,PRD-012,STOCKS,BATCH-0019
SUP-004,DC-003,SUPPLIES,BATCH-0020
DC-003,KIT-008,DISTRIBUTES,BATCH-0020
KIT-008,ST-008,DELIVERS,BATCH-0020
ST-008,PRD-010,STOCKS,BATCH-0020
SUP-005,DC-002,SUPPLIES,BATCH-0021
DC-002,KIT-001,DISTRIBUTES,BATCH-0021
KIT-001,ST-001,DELIVERS,BATCH-0021
ST-001,PRD-005,STOCKS,BATCH-0021
SUP-005,DC-002,SUPPLIES,BATCH-0022
DC-002,KIT-004,DISTRIBUTES,BATCH-0022
KIT-004,ST-012,DELIVERS,BATCH-0022
ST-012,PRD-012,STOCKS,BATCH-0022
SUP-004,DC-002,SUPPLIES,BATCH-0023
DC-002,KIT-002,DISTRIBUTES,BATCH-0023
KIT-002,ST-004,DELIVERS,BATCH-0023
ST-004,PRD-013,STOCKS,BATCH-0023
SUP-001,DC-004,SUPPLIES,BATCH-0024
DC-004,KIT-008,DISTRIBUTES,BATCH-0024
KIT-008,ST-012,DELIVERS,BATCH-0024
ST-012,PRD-003,STOCKS,BATCH-0024
SUP-005,DC-004,SUPPLIES,BATCH-0025
DC-004,KIT-001,DISTRIBUTES,BATCH-0025
KIT-001,ST-007,DELIVERS,BATCH-0025
ST-007,PRD-004,STOCKS,BATCH-0025
SUP-004,DC-001,SUPPLIES,BATCH-0026
DC-001,KIT-004,DISTRIBUTES,BATCH-0026
KIT-004,ST-013,DELIVERS,BATCH-0026
ST-013,PRD-019,STOCKS,BATCH-0026
SUP-005,DC-004,SUPPLIES,BATCH-0027
DC-004,KIT-005,DISTRIBUTES,BATCH-0027
KIT-005,ST-009,DELIVERS,BATCH-0027
ST-009,PRD-010,STOCKS,BATCH-0027
SUP-001,DC-001,SUPPLIES,BATCH-0028
DC-001,KIT-006,DISTRIBUTES,BATCH-0028
KIT-006,ST-004,DELIVERS,BATCH-0028
ST-004,PRD-010,STOCKS,BATCH-0028
SUP-002,DC-003,SUPPLIES,BATCH-0029
DC-003,KIT-006,DISTRIBUTES,BATCH-0029
KIT-006,ST-013,DELIVERS,BATCH-0029
ST-013,PRD-015,STOCKS,BATCH-0029
SUP-001,DC-003,SUPPLIES,BATCH-0030
DC-003,KIT-006,DISTRIBUTES,BATCH-0030
KIT-006,ST-003,DELIVERS,BATCH-0030
ST-003,PRD-003,STOCKS,BATCH-0030
SUP-004,DC-002,SUPPLIES,BATCH-0031
DC-002,KIT-005,DISTRIBUTES,BATCH-0031
KIT-005,ST-009,DELIVERS,BATCH-0031
ST-009,PRD-004,STOCKS,BATCH-0031
SUP-002,DC-003,SUPPLIES,BATCH-0032
DC-003,KIT-005,DISTRIBUTES,BATCH-0032
KIT-005,ST-002,DELIVERS,BATCH-0032
ST-002,PRD-004,STOCKS,BATCH-0032
SUP-004,DC-002,SUPPLIES,BATCH-0033
DC-002,KIT-001,DISTRIBUTES,BATCH-0033
KIT-001,ST-009,DELIVERS,BATCH-0033
ST-009,PRD-020,STOCKS,BATCH-0033
SUP-001,DC-001,SUPPLIES,BATCH-0034
DC-001,KIT-004,DISTRIBUTES,BATCH-0034
KIT-004,ST-013,DELIVERS,BATCH-0034
ST-013,PRD-010,STOCKS,BATCH-0034
SUP-001,DC-002,SUPPLIES,BATCH-0035
DC-002,KIT-005,DISTRIBUTES,BATCH-0035
KIT-005,ST-015,DELIVERS,BATCH-0035
ST-015,PRD-004,STOCKS,BATCH-0035
SUP-001,DC-003,SUPPLIES,BATCH-0036
DC-003,KIT-002,DISTRIBUTES,BATCH-0036
KIT-002,ST-011,DELIVERS,BATCH-0036
ST-011,PRD-014,STOCKS,BATCH-0036
SUP-003,DC-002,SUPPLIES,BATCH-0037
DC-002,KIT-004,DISTRIBUTES,BATCH-0037
KIT-004,ST-005,DELIVERS,BATCH-0037
ST-005,PRD-012,STOCKS,BATCH-0037
SUP-005,DC-004,SUPPLIES,BATCH-0038
DC-004,KIT-007,DISTRIBUTES,BATCH-0038
KIT-007,ST-006,DELIVERS,BATCH-0038
ST-006,PRD-014,STOCKS,BATCH-0038
SUP-005,DC-001,SUPPLIES,BATCH-0039
DC-001,KIT-002,DISTRIBUTES,BATCH-0039
KIT-002,ST-010,DELIVERS,BATCH-0039
ST-010,PRD-019,STOCKS,BATCH-0039
SUP-002,DC-002,SUPPLIES,BATCH-0040
DC-002,KIT-002,DISTRIBUTES,BATCH-0040
KIT-002,ST-008,DELIVERS,BATCH-0040
ST-008,PRD-010,STOCKS,BATCH-0040
SUP-003,DC-003,SUPPLIES,BATCH-0041
DC-003,KIT-004,DISTRIBUTES,BATCH-0041
KIT-004,ST-007,DELIVERS,BATCH-0041
ST-007,PRD-017,STOCKS,BATCH-0041
SUP-005,DC-003,SUPPLIES,BATCH-0042
DC-003,KIT-001,DISTRIBUTES,BATCH-0042
KIT-001,ST-004,DELIVERS,BATCH-0042
ST-004,PRD-003,STOCKS,BATCH-0042
SUP-005,DC-001,SUPPLIES,BATCH-0043
DC-001,KIT-002,DISTRIBUTES,BATCH-0043
KIT-002,ST-011,DELIVERS,BATCH-0043
ST-011,PRD-015,STOCKS,BATCH-0043
SUP-003,DC-004,SUPPLIES,BATCH-0044
DC-004,KIT-001,DISTRIBUTES,BATCH-0044
KIT-001,ST-013,DELIVERS,BATCH-0044
ST-013,PRD-013,STOCKS,BATCH-0044
SUP-003,DC-004,SUPPLIES,BATCH-0045
DC-004,KIT-005,DISTRIBUTES,BATCH-0045
KIT-005,ST-014,DELIVERS,BATCH-0045
ST-014,PRD-002,STOCKS,BATCH-0045
SUP-002,DC-002,SUPPLIES,BATCH-0046
DC-002,KIT-001,DISTRIBUTES,BATCH-0046
KIT-001,ST-015,DELIVERS,BATCH-0046
ST-015,PRD-006,STOCKS,BATCH-0046
SUP-005,DC-001,SUPPLIES,BATCH-0047
DC-001,KIT-008,DISTRIBUTES,BATCH-0047
KIT-008,ST-010,DELIVERS,BATCH-0047
ST-010,PRD-002,STOCKS,BATCH-0047
SUP-001,DC-004,SUPPLIES,BATCH-0048
DC-004,KIT-002,DISTRIBUTES,BATCH-0048
KIT-002,ST-014,DELIVERS,BATCH-0048
ST-014,PRD-002,STOCKS,BATCH-0048
SUP-005,DC-001,SUPPLIES,BATCH-0049
DC-001,KIT-004,DISTRIBUTES,BATCH-0049
KIT-004,ST-011,DELIVERS,BATCH-0049
ST-011,PRD-002,STOCKS,BATCH-0049
SUP-003,DC-003,SUPPLIES,BATCH-0050
DC-003,KIT-006,DISTRIBUTES,BATCH-0050
KIT-006,ST-007,DELIVERS,BATCH-0050
ST-007,PRD-003,STOCKS,BATCH-0050
SUP-004,DC-003,SUPPLIES,BATCH-0051
DC-003,KIT-005,DISTRIBUTES,BATCH-0051
KIT-005,ST-014,DELIVERS,BATCH-0051
ST-014,PRD-017,STOCKS,BATCH-0051
SUP-001,DC-003,SUPPLIES,BATCH-0052
DC-003,KIT-004,DISTRIBUTES,BATCH-0052
KIT-004,ST-008,DELIVERS,BATCH-0052
ST-008,PRD-002,STOCKS,BATCH-0052
SUP-003,DC-004,SUPPLIES,BATCH-0053
DC-004,KIT-008,DISTRIBUTES,BATCH-0053
KIT-008,ST-009,DELIVERS,BATCH-0053
ST-009,PRD-012,STOCKS,BATCH-0053
SUP-003,DC-004,SUPPLIES,BATCH-0054
DC-004,KIT-006,DISTRIBUTES,BATCH-0054
KIT-006,ST-006,DELIVERS,BATCH-0054
ST-006,PRD-009,STOCKS,BATCH-0054
SUP-001,DC-004,SUPPLIES,BATCH-0055
DC-004,KIT-001,DISTRIBUTES,BATCH-0055
KIT-001,ST-008,DELIVERS,BATCH-0055
ST-008,PRD-010,STOCKS,BATCH-0055
SUP-003,DC-001,SUPPLIES,BATCH-0056
DC-001,KIT-008,DISTRIBUTES,BATCH-0056
KIT-008,ST-004,DELIVERS,BATCH-0056
ST-004,PRD-013,STOCKS,BATCH-0056
SUP-001,DC-004,SUPPLIES,BATCH-0057
DC-004,KIT-001,DISTRIBUTES,BATCH-0057
KIT-001,ST-009,DELIVERS,BATCH-0057
ST-009,PRD-014,STOCKS,BATCH-0057
SUP-002,DC-001,SUPPLIES,BATCH-0058
DC-001,KIT-005,DISTRIBUTES,BATCH-0058
KIT-005,ST-014,DELIVERS,BATCH-0058
ST-014,PRD-015,STOCKS,BATCH-0058
SUP-002,DC-003,SUPPLIES,BATCH-0059
DC-003,KIT-004,DISTRIBUTES,BATCH-0059
KIT-004,ST-009,DELIVERS,BATCH-0059
ST-009,PRD-004,STOCKS,BATCH-0059
SUP-003,DC-003,SUPPLIES,BATCH-0060
DC-003,KIT-004,DISTRIBUTES,BATCH-0060
KIT-004,ST-012,DELIVERS,BATCH-0060
ST-012,PRD-020,STOCKS,BATCH-0060
SUP-001,DC-003,SUPPLIES,BATCH-0061
DC-003,KIT-007,DISTRIBUTES,BATCH-0061
KIT-007,ST-012,DELIVERS,BATCH-0061
ST-012,PRD-018,STOCKS,BATCH-0061
SUP-004,DC-003,SUPPLIES,BATCH-0062
DC-003,KIT-006,DISTRIBUTES,BATCH-0062
KIT-006,ST-008,DELIVERS,BATCH-0062
ST-008,PRD-007,STOCKS,BATCH-0062
SUP-001,DC-002,SUPPLIES,BATCH-0063
DC-002,KIT-007,DISTRIBUTES,BATCH-0063
KIT-007,ST-013,DELIVERS,BATCH-0063
ST-013,PRD-018,STOCKS,BATCH-0063
SUP-002,DC-003,SUPPLIES,BATCH-0064
DC-003,KIT-002,DISTRIBUTES,BATCH-0064
KIT-002,ST-013,DELIVERS,BATCH-0064
ST-013,PRD-008,STOCKS,BATCH-0064
SUP-003,DC-001,SUPPLIES,BATCH-0065
DC-001,KIT-005,DISTRIBUTES,BATCH-0065
KIT-005,ST-011,DELIVERS,BATCH-0065
ST-011,PRD-005,STOCKS,BATCH-0065
SUP-005,DC-004,SUPPLIES,BATCH-0066
DC-004,KIT-001,DISTRIBUTES,BATCH-0066
KIT-001,ST-006,DELIVERS,BATCH-0066
ST-006,PRD-003,STOCKS,BATCH-0066
SUP-004,DC-001,SUPPLIES,BATCH-0067
DC-001,KIT-008,DISTRIBUTES,BATCH-0067
KIT-008,ST-005,DELIVERS,BATCH-0067
ST-005,PRD-012,STOCKS,BATCH-0067
SUP-004,DC-003,SUPPLIES,BATCH-0068
DC-003,KIT-006,DISTRIBUTES,BATCH-0068
KIT-006,ST-006,DELIVERS,BATCH-0068
ST-006,PRD-011,STOCKS,BATCH-0068
SUP-002,DC-003,SUPPLIES,BATCH-0069
DC-003,KIT-001,DISTRIBUTES,BATCH-0069
KIT-001,ST-014,DELIVERS,BATCH-0069
ST-014,PRD-019,STOCKS,BATCH-0069
SUP-002,DC-001,SUPPLIES,BATCH-0070
DC-001,KIT-007,DISTRIBUTES,BATCH-0070
KIT-007,ST-011,DELIVERS,BATCH-0070
ST-011,PRD-007,STOCKS,BATCH-0070
SUP-005,DC-004,SUPPLIES,BATCH-0071
DC-004,KIT-006,DISTRIBUTES,BATCH-0071
KIT-006,ST-010,DELIVERS,BATCH-0071
ST-010,PRD-010,STOCKS,BATCH-0071
SUP-004,DC-002,SUPPLIES,BATCH-0072
DC-002,KIT-002,DISTRIBUTES,BATCH-0072
KIT-002,ST-014,DELIVERS,BATCH-0072
ST-014,PRD-013,STOCKS,BATCH-0072
SUP-003,DC-004,SUPPLIES,BATCH-0073
DC-004,KIT-007,DISTRIBUTES,BATCH-0073
KIT-007,ST-006,DELIVERS,BATCH-0073
ST-006,PRD-018,STOCKS,BATCH-0073
SUP-001,DC-001,SUPPLIES,BATCH-0074
DC-001,KIT-007,DISTRIBUTES,BATCH-0074
KIT-007,ST-004,DELIVERS,BATCH-0074
ST-004,PRD-018,STOCKS,BATCH-0074
SUP-005,DC-002,SUPPLIES,BATCH-0075
DC-002,KIT-005,DISTRIBUTES,BATCH-0075
KIT-005,ST-004,DELIVERS,BATCH-0075
ST-004,PRD-002,STOCKS,BATCH-0075
SUP-003,DC-004,SUPPLIES,BATCH-0076
DC-004,KIT-008,DISTRIBUTES,BATCH-0076
KIT-008,ST-009,DELIVERS,BATCH-0076
ST-009,PRD-005,STOCKS,BATCH-0076
SUP-005,DC-001,SUPPLIES,BATCH-0077
DC-001,KIT-004,DISTRIBUTES,BATCH-0077
KIT-004,ST-003,DELIVERS,BATCH-0077
ST-003,PRD-016,STOCKS,BATCH-0077
SUP-004,DC-003,SUPPLIES,BATCH-0078
DC-003,KIT-006,DISTRIBUTES,BATCH-0078
KIT-006,ST-005,DELIVERS,BATCH-0078
ST-005,PRD-011,STOCKS,BATCH-0078
SUP-005,DC-001,SUPPLIES,BATCH-0079
DC-001,KIT-007,DISTRIBUTES,BATCH-0079
KIT-007,ST-009,DELIVERS,BATCH-0079
ST-009,PRD-011,STOCKS,BATCH-0079
SUP-005,DC-004,SUPPLIES,BATCH-0080
DC-004,KIT-002,DISTRIBUTES,BATCH-0080
KIT-002,ST-007,DELIVERS,BATCH-0080
ST-007,PRD-014,STOCKS,BATCH-0080
SUP-003,DC-001,SUPPLIES,BATCH-0081
DC-001,KIT-008,DISTRIBUTES,BATCH-0081
KIT-008,ST-005,DELIVERS,BATCH-0081
ST-005,PRD-012,STOCKS,BATCH-0081
SUP-002,DC-004,SUPPLIES,BATCH-0082
DC-004,KIT-001,DISTRIBUTES,BATCH-0082
KIT-001,ST-010,DELIVERS,BATCH-0082
ST-010,PRD-011,STOCKS,BATCH-0082
SUP-005,DC-002,SUPPLIES,BATCH-0083
DC-002,KIT-001,DISTRIBUTES,BATCH-0083
KIT-001,ST-009,DELIVERS,BATCH-0083
ST-009,PRD-014,STOCKS,BATCH-0083
SUP-003,DC-002,SUPPLIES,BATCH-0084
DC-002,KIT-004,DISTRIBUTES,BATCH-0084
KIT-004,ST-001,DELIVERS,BATCH-0084
ST-001,PRD-003,STOCKS,BATCH-0084
SUP-005,DC-003,SUPPLIES,BATCH-0085
DC-003,KIT-002,DISTRIBUTES,BATCH-0085
KIT-002,ST-013,DELIVERS,BATCH-0085
ST-013,PRD-014,STOCKS,BATCH-0085
SUP-005,DC-004,SUPPLIES,BATCH-0086
DC-004,KIT-006,DISTRIBUTES,BATCH-0086
KIT-006,ST-011,DELIVERS,BATCH-0086
ST-011,PRD-014,STOCKS,BATCH-0086
SUP-005,DC-001,SUPPLIES,BATCH-0087
DC-001,KIT-001,DISTRIBUTES,BATCH-0087
KIT-001,ST-013,DELIVERS,BATCH-0087
ST-013,PRD-017,STOCKS,BATCH-0087
SUP-004,DC-001,SUPPLIES,BATCH-0088
DC-001,KIT-005,DISTRIBUTES,BATCH-0088
KIT-005,ST-004,DELIVERS,BATCH-0088
ST-004,PRD-019,STOCKS,BATCH-0088
SUP-002,DC-003,SUPPLIES,BATCH-0089
DC-003,KIT-001,DISTRIBUTES,BATCH-0089
KIT-001,ST-006,DELIVERS,BATCH-0089
ST-006,PRD-002,STOCKS,BATCH-0089
SUP-001,DC-002,SUPPLIES,BATCH-0090
DC-002,KIT-003,DISTRIBUTES,BATCH-0090
KIT-003,ST-014,DELIVERS,BATCH-0090
ST-014,PRD-012,STOCKS,BATCH-0090
SUP-004,DC-003,SUPPLIES,BATCH-0091
DC-003,KIT-001,DISTRIBUTES,BATCH-0091
KIT-001,ST-001,DELIVERS,BATCH-0091
ST-001,PRD-020,STOCKS,BATCH-0091
SUP-001,DC-004,SUPPLIES,BATCH-0092
DC-004,KIT-003,DISTRIBUTES,BATCH-0092
KIT-003,ST-012,DELIVERS,BATCH-0092
ST-012,PRD-015,STOCKS,BATCH-0092
SUP-002,DC-003,SUPPLIES,BATCH-0093
DC-003,KIT-008,DISTRIBUTES,BATCH-0093
KIT-008,ST-006,DELIVERS,BATCH-0093
ST-006,PRD-010,STOCKS,BATCH-0093
SUP-005,DC-001,SUPPLIES,BATCH-0094
DC-001,KIT-003,DISTRIBUTES,BATCH-0094
KIT-003,ST-002,DELIVERS,BATCH-0094
ST-002,PRD-014,STOCKS,BATCH-0094
SUP-005,DC-003,SUPPLIES,BATCH-0095
DC-003,KIT-004,DISTRIBUTES,BATCH-0095
KIT-004,ST-008,DELIVERS,BATCH-0095
ST-008,PRD-017,STOCKS,BATCH-0095
SUP-001,DC-002,SUPPLIES,BATCH-0096
DC-002,KIT-007,DISTRIBUTES,BATCH-0096
KIT-007,ST-013,DELIVERS,BATCH-0096
ST-013,PRD-014,STOCKS,BATCH-0096
SUP-002,DC-002,SUPPLIES,BATCH-0097
DC-002,KIT-005,DISTRIBUTES,BATCH-0097
KIT-005,ST-006,DELIVERS,BATCH-0097
ST-006,PRD-019,STOCKS,BATCH-0097
SUP-005,DC-001,SUPPLIES,BATCH-0098
DC-001,KIT-001,DISTRIBUTES,BATCH-0098
KIT-001,ST-003,DELIVERS,BATCH-0098
ST-003,PRD-008,STOCKS,BATCH-0098
SUP-003,DC-004,SUPPLIES,BATCH-0099
DC-004,KIT-003,DISTRIBUTES,BATCH-0099
KIT-003,ST-007,DELIVERS,BATCH-0099
ST-007,PRD-001,STOCKS,BATCH-0099
SUP-005,DC-001,SUPPLIES,BATCH-0100
DC-001,KIT-004,DISTRIBUTES,BATCH-0100
KIT-004,ST-008,DELIVERS,BATCH-0100
ST-008,PRD-005,STOCKS,BATCH-0100
