log_id,batch_id,from_id,to_id,temperature
TR-00000,BATCH-0001,SUP-001,DC-004,40.8
TR-00001,BATCH-0001,DC-004,KIT-005,44.2
TR-00002,BATCH-0001,KIT-005,ST-001,30.9
TR-00004,BATCH-0002,SUP-002,DC-003,34.1
TR-00005,BATCH-0002,DC-003,KIT-002,34.3
TR-00006,BATCH-0002,KIT-002,ST-003,32.5
TR-00008,BATCH-0003,SUP-005,DC-002,35.6
TR-00009,BATCH-0003,DC-002,KIT-002,43.2
TR-00010,BATCH-0003,KIT-002,ST-008,45.2
TR-00012,BATCH-0004,SUP-005,DC-004,38.5
TR-00013,BATCH-0004,DC-004,KIT-006,36.4
TR-00014,BATCH-0004,KIT-006,ST-013,42.0
TR-00016,BATCH-0005,SUP-001,DC-004,26.2
TR-00017,BATCH-0005,DC-004,KIT-006,32.7
TR-00018,BATCH-0005,KIT-006,ST-001,26.4
TR-00020,BATCH-0006,SUP-003,DC-003,32.7
TR-00021,BATCH-0006,DC-003,KIT-002,34.2
TR-00022,BATCH-0006,KIT-002,ST-014,45.4
TR-00024,BATCH-0007,SUP-005,DC-002,24.2
TR-00025,BATCH-0007,DC-002,KIT-001,35.9
TR-00026,BATCH-0007,KIT-001,ST-007,41.1
TR-00028,BATCH-0008,SUP-003,DC-003,40.1
TR-00029,BATCH-0008,DC-003,KIT-001,45.3
TR-00030,BATCH-0008,KIT-001,ST-004,38.8
TR-00032,BATCH-0009,SUP-003,DC-001,39.9
TR-00033,BATCH-0009,DC-001,KIT-008,28.8
TR-00034,BATCH-0009,KIT-008,ST-008,33.1
TR-00036,BATCH-0010,SUP-002,DC-004,29.1
TR-00037,BATCH-0010,DC-004,KIT-005,40.9
TR-00038,BATCH-0010,KIT-005,ST-008,39.7
TR-00040,BATCH-0011,SUP-001,DC-002,39.6
TR-00041,BATCH-0011,DC-002,KIT-002,33.6
TR-00042,BATCH-0011,KIT-002,ST-015,33.1
TR-00044,BATCH-0012,SUP-004,DC-003,39.0
TR-00045,BATCH-0012,DC-003,KIT-002,34.7
TR-00046,BATCH-0012,KIT-002,ST-002,32.9
TR-00048,BATCH-0013,SUP-002,DC-003,35.5
TR-00049,BATCH-0013,DC-003,KIT-008,34.7
TR-00050,BATCH-0013,KIT-008,ST-003,33.7
TR-00052,BATCH-0014,SUP-003,DC-001,31.9
TR-00053,BATCH-0014,DC-001,KIT-005,40.2
TR-00054,BATCH-0014,KIT-005,ST-006,45.8
TR-00056,BATCH-0015,SUP-004,DC-003,37.8
TR-00057,BATCH-0015,DC-003,KIT-008,39.1
TR-00058,BATCH-0015,KIT-008,ST-011,40.7
TR-00060,BATCH-0016,SUP-004,DC-003,39.8
TR-00061,BATCH-0016,DC-003,KIT-005,33.8
TR-00062,BATCH-0016,KIT-005,ST-014,46.6
TR-00064,BATCH-0017,SUP-003,DC-004,34.2
TR-00065,BATCH-0017,DC-004,KIT-001,41.2
TR-00066,BATCH-0017,KIT-001,ST-013,40.7
TR-00068,BATCH-0018,SUP-003,DC-004,28.2
TR-00069,BATCH-0018,DC-004,KIT-004,36.2
TR-00070,BATCH-0018,KIT-004,ST-003,38.3
TR-00072,BATCH-0019,SUP-004,DC-003,38.7
TR-00073,BATCH-0019,DC-003,KIT-008,39.5
TR-00074,BATCH-0019,KIT-008,ST-008,41.8
TR-00076,BATCH-0020,SUP-004,DC-003,38.0
TR-00077,BATCH-0020,DC-003,KIT-008,39.8
TR-00078,BATCH-0020,KIT-008,ST-008,37.8
TR-00080,BATCH-0021,SUP-005,DC-002,32.9
TR-00081,BATCH-0021,DC-002,KIT-001,38.2
TR-00082,BATCH-0021,KIT-001,ST-001,41.7
TR-00084,BATCH-0022,SUP-005,DC-002,43.5
TR-00085,BATCH-0022,DC-002,KIT-004,40.7
TR-00086,BATCH-0022,KIT-004,ST-012,44.7
TR-00088,BATCH-0023,SUP-004,DC-002,40.1
TR-00089,BATCH-0023,DC-002,KIT-002,42.3
TR-00090,BATCH-0023,KIT-002,ST-004,42.7
TR-00092,BATCH-0024,SUP-001,DC-004,36.9
TR-00093,BATCH-0024,DC-004,KIT-008,41.6
TR-00094,BATCH-0024,KIT-008,ST-012,33.3
TR-00096,BATCH-0025,SUP-005,DC-004,39.7
TR-00097,BATCH-0025,DC-004,KIT-001,40.9
TR-00098,BATCH-0025,KIT-001,ST-007,43.3
TR-00100,BATCH-0026,SUP-004,DC-001,42.1
TR-00101,BATCH-0026,DC-001,KIT-004,43.3
TR-00102,BATCH-0026,KIT-004,ST-013,37.5
TR-00104,BATCH-0027,SUP-005,DC-004,36.3
TR-00105,BATCH-0027,DC-004,KIT-005,36.6
TR-00106,BATCH-0027,KIT-005,ST-009,39.3
TR-00108,BATCH-0028,SUP-001,DC-001,29.0
TR-00109,BATCH-0028,DC-001,KIT-006,44.7
TR-00110,BATCH-0028,KIT-006,ST-004,38.2
TR-00112,BATCH-0029,SUP-002,DC-003,35.9
TR-00113,BATCH-0029,DC-003,KIT-006,25.4
TR-00114,BATCH-0029,KIT-006,ST-013,37.8
TR-00116,BATCH-0030,SUP-001,DC-003,37.0
TR-00117,BATCH-0030,DC-003,KIT-006,33.5
TR-00118,BATCH-0030,KIT-006,ST-003,34.6
TR-00120,BATCH-0031,SUP-004,DC-002,37.9
TR-00121,BATCH-0031,DC-002,KIT-005,35.1
TR-00122,BATCH-0031,KIT-005,ST-009,40.9
TR-00124,BATCH-0032,SUP-002,DC-003,34.3
TR-00125,BATCH-0032,DC-003,KIT-005,38.8
TR-00126,BATCH-0032,KIT-005,ST-002,43.9
TR-00128,BATCH-0033,SUP-004,DC-002,37.8
TR-00129,BATCH-0033,DC-002,KIT-001,39.8
TR-00130,BATCH-0033,KIT-001,ST-009,39.5
TR-00132,BATCH-0034,SUP-001,DC-001,38.0
TR-00133,BATCH-0034,DC-001,KIT-004,37.7
TR-00134,BATCH-0034,KIT-004,ST-013,35.1
TR-00136,BATCH-0035,SUP-001,DC-002,38.8
TR-00137,BATCH-0035,DC-002,KIT-005,36.6
TR-00138,BATCH-0035,KIT-005,ST-015,45.7
TR-00140,BATCH-0036,SUP-001,DC-003,42.1
TR-00141,BATCH-0036,DC-003,KIT-002,30.7
TR-00142,BATCH-0036,KIT-002,ST-011,31.0
TR-00144,BATCH-0037,SUP-003,DC-002,37.3
TR-00145,BATCH-0037,DC-002,KIT-004,36.0
TR-00146,BATCH-0037,KIT-004,ST-005,37.1
TR-00148,BATCH-0038,SUP-005,DC-004,41.3
TR-00149,BATCH-0038,DC-004,KIT-007,39.6
TR-00150,BATCH-0038,KIT-007,ST-006,39.5
TR-00152,BATCH-0039,SUP-005,DC-001,45.2
TR-00153,BATCH-0039,DC-001,KIT-002,31.1
TR-00154,BATCH-0039,KIT-002,ST-010,38.5
TR-00156,BATCH-0040,SUP-002,DC-002,35.1
TR-00157,BATCH-0040,DC-002,KIT-002,45.2
TR-00158,BATCH-0040,KIT-002,ST-008,27.0
TR-00160,BATCH-0041,SUP-003,DC-003,27.2
TR-00161,BATCH-0041,DC-003,KIT-004,39.5
TR-00162,BATCH-0041,KIT-004,ST-007,43.6
TR-00164,BATCH-0042,SUP-005,DC-003,41.9
TR-00165,BATCH-0042,DC-003,KIT-001,34.0
TR-00166,BATCH-0042,KIT-001,ST-004,45.5
TR-00168,BATCH-0043,SUP-005,DC-001,31.8
TR-00169,BATCH-0043,DC-001,KIT-002,44.5
TR-00170,BATCH-0043,KIT-002,ST-011,32.5
TR-00172,BATCH-0044,SUP-003,DC-004,36.2
TR-00173,BATCH-0044,DC-004,KIT-001,41.2
TR-00174,BATCH-0044,KIT-001,ST-013,30.7
TR-00176,BATCH-0045,SUP-003,DC-004,45.3
TR-00177,BATCH-0045,DC-004,KIT-005,36.2
TR-00178,BATCH-0045,KIT-005,ST-014,38.7
TR-00180,BATCH-0046,SUP-002,DC-002,43.8
TR-00181,BATCH-0046,DC-002,KIT-001,34.0
TR-00182,BATCH-0046,KIT-001,ST-015,43.3
TR-00184,BATCH-0047,SUP-005,DC-001,46.2
TR-00185,BATCH-0047,DC-001,KIT-008,34.7
TR-00186,BATCH-0047,KIT-008,ST-010,44.8
TR-00188,BATCH-0048,SUP-001,DC-004,29.2
TR-00189,BATCH-0048,DC-004,KIT-002,39.9
TR-00190,BATCH-0048,KIT-002,ST-014,31.9
TR-00192,BATCH-0049,SUP-005,DC-001,42.7
TR-00193,BATCH-0049,DC-001,KIT-004,42.3
TR-00194,BATCH-0049,KIT-004,ST-011,48.4
TR-00196,BATCH-0050,SUP-003,DC-003,45.1
TR-00197,BATCH-0050,DC-003,KIT-006,37.2
TR-00198,BATCH-0050,KIT-006,ST-007,32.6
TR-00200,BATCH-0051,SUP-004,DC-003,40.8
TR-00201,BATCH-0051,DC-003,KIT-005,37.7
TR-00202,BATCH-0051,KIT-005,ST-014,45.8
TR-00204,BATCH-0052,SUP-001,DC-003,27.2
TR-00205,BATCH-0052,DC-003,KIT-004,48.9
TR-00206,BATCH-0052,KIT-004,ST-008,40.7
TR-00208,BATCH-0053,SUP-003,DC-004,33.9
TR-00209,BATCH-0053,DC-004,KIT-008,41.7
TR-00210,BATCH-0053,KIT-008,ST-009,44.5
TR-00212,BATCH-0054,SUP-003,DC-004,38.6
TR-00213,BATCH-0054,DC-004,KIT-006,29.2
TR-00214,BATCH-0054,KIT-006,ST-006,36.5
TR-00216,BATCH-0055,SUP-001,DC-004,43.2
TR-00217,BATCH-0055,DC-004,KIT-001,40.5
TR-00218,BATCH-0055,KIT-001,ST-008,37.2
TR-00220,BATCH-0056,SUP-003,DC-001,44.5
TR-00221,BATCH-0056,DC-001,KIT-008,41.7
TR-00222,BATCH-0056,KIT-008,ST-004,42.1
TR-00224,BATCH-0057,SUP-001,DC-004,35.9
TR-00225,BATCH-0057,DC-004,KIT-001,35.5
TR-00226,BATCH-0057,KIT-001,ST-009,29.5
TR-00228,BATCH-0058,SUP-002,DC-001,36.7
TR-00229,BATCH-0058,DC-001,KIT-005,42.7
TR-00230,BATCH-0058,KIT-005,ST-014,37.0
TR-00232,BATCH-0059,SUP-002,DC-003,40.2
TR-00233,BATCH-0059,DC-003,KIT-004,43.6
TR-00234,BATCH-0059,KIT-004,ST-009,39.9
TR-00236,BATCH-0060,SUP-003,DC-003,40.4
TR-00237,BATCH-0060,DC-003,KIT-004,31.2
TR-00238,BATCH-0060,KIT-004,ST-012,36.4
TR-00240,BATCH-0061,SUP-001,DC-003,46.6
TR-00241,BATCH-0061,DC-003,KIT-007,38.5
TR-00242,BATCH-0061,KIT-007,ST-012,47.5
TR-00244,BATCH-0062,SUP-004,DC-003,34.4
TR-00245,BATCH-0062,DC-003,KIT-006,39.2
TR-00246,BATCH-0062,KIT-006,ST-008,36.1
TR-00248,BATCH-0063,SUP-001,DC-002,41.0
TR-00249,BATCH-0063,DC-002,KIT-007,42.5
TR-00250,BATCH-0063,KIT-007,ST-013,41.0
TR-00252,BATCH-0064,SUP-002,DC-003,43.2
TR-00253,BATCH-0064,DC-003,KIT-002,37.9
TR-00254,BATCH-0064,KIT-002,ST-013,37.0
TR-00256,BATCH-0065,SUP-003,DC-001,29.2
TR-00257,BATCH-0065,DC-001,KIT-005,41.2
TR-00258,BATCH-0065,KIT-005,ST-011,38.9
TR-00260,BATCH-0066,SUP-005,DC-004,37.7
TR-00261,BATCH-0066,DC-004,KIT-001,37.0
TR-00262,BATCH-0066,KIT-001,ST-006,37.8
TR-00264,BATCH-0067,SUP-004,DC-001,36.8
TR-00265,BATCH-0067,DC-001,KIT-008,35.4
TR-00266,BATCH-0067,KIT-008,ST-005,39.2
TR-00268,BATCH-0068,SUP-004,DC-003,40.4
TR-00269,BATCH-0068,DC-003,KIT-006,34.1
TR-00270,BATCH-0068,KIT-006,ST-006,36.0
TR-00272,BATCH-0069,SUP-002,DC-003,37.0
TR-00273,BATCH-0069,DC-003,KIT-001,38.0
TR-00274,BATCH-0069,KIT-001,ST-014,37.4
TR-00276,BATCH-0070,SUP-002,DC-001,41.3
TR-00277,BATCH-0070,DC-001,KIT-007,29.7
TR-00278,BATCH-0070,KIT-007,ST-011,30.6
TR-00280,BATCH-0071,SUP-005,DC-004,39.0
TR-00281,BATCH-0071,DC-004,KIT-006,35.0
TR-00282,BATCH-0071,KIT-006,ST-010,42.4
TR-00284,BATCH-0072,SUP-004,DC-002,43.8
TR-00285,BATCH-0072,DC-002,KIT-002,39.2
TR-00286,BATCH-0072,KIT-002,ST-014,32.6
TR-00288,BATCH-0073,SUP-003,DC-004,43.3
TR-00289,BATCH-0073,DC-004,KIT-007,39.0
TR-00290,BATCH-0073,KIT-007,ST-006,30.6
TR-00292,BATCH-0074,SUP-001,DC-001,31.0
TR-00293,BATCH-0074,DC-001,KIT-007,45.6
TR-00294,BATCH-0074,KIT-007,ST-004,44.8
TR-00296,BATCH-0075,SUP-005,DC-002,25.4
TR-00297,BATCH-0075,DC-002,KIT-005,31.2
TR-00298,BATCH-0075,KIT-005,ST-004,43.7
TR-00300,BATCH-0076,SUP-003,DC-004,37.9
TR-00301,BATCH-0076,DC-004,KIT-008,41.5
TR-00302,BATCH-0076,KIT-008,ST-009,37.7
TR-00304,BATCH-0077,SUP-005,DC-001,41.3
TR-00305,BATCH-0077,DC-001,KIT-004,38.0
TR-00306,BATCH-0077,KIT-004,ST-003,35.8
TR-00308,BATCH-0078,SUP-004,DC-003,43.3
TR-00309,BATCH-0078,DC-003,KIT-006,39.0
TR-00310,BATCH-0078,KIT-006,ST-005,41.3
TR-00312,BATCH-0079,SUP-005,DC-001,38.8
TR-00313,BATCH-0079,DC-001,KIT-007,35.6
TR-00314,BATCH-0079,KIT-007,ST-009,46.0
TR-00316,BATCH-0080,SUP-005,DC-004,39.8
TR-00317,BATCH-0080,DC-004,KIT-002,36.2
TR-00318,BATCH-0080,KIT-002,ST-007,44.4
TR-00320,BATCH-0081,SUP-003,DC-001,31.4
TR-00321,BATCH-0081,DC-001,KIT-008,49.2
TR-00322,BATCH-0081,KIT-008,ST-005,37.1
TR-00324,BATCH-0082,SUP-002,DC-004,31.7
TR-00325,BATCH-0082,DC-004,KIT-001,47.5
TR-00326,BATCH-0082,KIT-001,ST-010,35.7
TR-00328,BATCH-0083,SUP-005,DC-002,39.2
TR-00329,BATCH-0083,DC-002,KIT-001,41.6
TR-00330,BATCH-0083,KIT-001,ST-009,43.9
TR-00332,BATCH-0084,SUP-003,DC-002,39.5
TR-00333,BATCH-0084,DC-002,KIT-004,34.8
TR-00334,BATCH-0084,KIT-004,ST-001,39.1
TR-00336,BATCH-0085,SUP-005,DC-003,35.9
TR-00337,BATCH-0085,DC-003,KIT-002,39.2
TR-00338,BATCH-0085,KIT-002,ST-013,46.1
TR-00340,BATCH-0086,SUP-005,DC-004,41.8
TR-00341,BATCH-0086,DC-004,KIT-006,39.0
TR-00342,BATCH-0086,KIT-006,ST-011,41.7
TR-00344,BATCH-0087,SUP-005,DC-001,42.1
TR-00345,BATCH-0087,DC-001,KIT-001,32.6
TR-00346,BATCH-0087,KIT-001,ST-013,38.2
TR-00348,BATCH-0088,SUP-004,DC-001,50.8
TR-00349,BATCH-0088,DC-001,KIT-005,44.1
TR-00350,BATCH-0088,KIT-005,ST-004,35.5
TR-00352,BATCH-0089,SUP-002,DC-003,35.0
TR-00353,BATCH-0089,DC-003,KIT-001,34.8
TR-00354,BATCH-0089,KIT-001,ST-006,42.3
TR-00356,BATCH-0090,SUP-001,DC-002,46.0
TR-00357,BATCH-0090,DC-002,KIT-003,40.9
TR-00358,BATCH-0090,KIT-003,ST-014,38.8
TR-00360,BATCH-0091,SUP-004,DC-003,35.8
TR-00361,BATCH-0091,DC-003,KIT-001,39.6
TR-00362,BATCH-0091,KIT-001,ST-001,33.9
TR-00364,BATCH-0092,SUP-001,DC-004,28.3
TR-00365,BATCH-0092,DC-004,KIT-003,46.2
TR-00366,BATCH-0092,KIT-003,ST-012,33.0
TR-00368,BATCH-0093,SUP-002,DC-003,36.4
TR-00369,BATCH-0093,DC-003,KIT-008,41.3
TR-00370,BATCH-0093,KIT-008,ST-006,45.2
TR-00372,BATCH-0094,SUP-005,DC-001,39.3
TR-00373,BATCH-0094,DC-001,KIT-003,32.0
TR-00374,BATCH-0094,KIT-003,ST-002,36.5
TR-00376,BATCH-0095,SUP-005,DC-003,34.6
TR-00377,BATCH-0095,DC-003,KIT-004,37.8
TR-00378,BATCH-0095,KIT-004,ST-008,44.2
TR-00380,BATCH-0096,SUP-001,DC-002,25.3
TR-00381,BATCH-0096,DC-002,KIT-007,35.9
TR-00382,BATCH-0096,KIT-007,ST-013,35.6
TR-00384,BATCH-0097,SUP-002,DC-002,31.7
TR-00385,BATCH-0097,DC-002,KIT-005,40.9
TR-00386,BATCH-0097,KIT-005,ST-006,30.9
TR-00388,BATCH-0098,SUP-005,DC-001,31.5
TR-00389,BATCH-0098,DC-001,KIT-001,42.3
TR-00390,BATCH-0098,KIT-001,ST-003,45.5
TR-00392,BATCH-0099,SUP-003,DC-004,37.6
TR-00393,BATCH-0099,DC-004,KIT-003,31.9
TR-00394,BATCH-0099,KIT-003,ST-007,34.5
TR-00396,BATCH-0100,SUP-005,DC-001,43.0
TR-00397,BATCH-0100,DC-001,KIT-004,38.6
TR-00398,BATCH-0100,KIT-004,ST-008,37.5
